[
  {
    "id": "415195",
    "Account_ID": "38941",
    "User_ID": "mob870096",
    "Mobile": "0504889717",
    "Title": "Fire Alarm received",
    "Type": "Fire Alarm received",
    "Alert_DateTime": "2025-08-16T18:09:18.000Z",
    "Status": "Closed",
    "Premise_ID": "38941",
    "Title_Ar": "تم تنشيط إنذار الحريق",
    "Type_Ar": "تم استلام إنذار الحريق"
  },
  {
    "id": "415194",
    "Account_ID": "38421",
    "User_ID": "mob383971",
    "Mobile": "0508228815",
    "Title": "Fire Alarm received",
    "Type": "Fire Alarm received",
    "Alert_DateTime": "2025-08-16T17:59:09.000Z",
    "Status": "Closed",
    "Premise_ID": "38421",
    "Title_Ar": "تم تنشيط إنذار الحريق",
    "Type_Ar": "تم استلام إنذار الحريق"
  },
  {
    "id": "415193",
    "Account_ID": "47916",
    "User_ID": "mob876317",
    "Mobile": "0564280978",
    "Title": "Fire Alarm received",
    "Type": "Fire Alarm received",
    "Alert_DateTime": "2025-08-16T17:55:25.000Z",
    "Status": "Closed",
    "Premise_ID": "47916",
    "Title_Ar": "تم تنشيط إنذار الحريق",
    "Type_Ar": "تم استلام إنذار الحريق"
  },
  {
    "id": "415192",
    "Account_ID": "61329",
    "User_ID": "mob534320",
    "Mobile": "0555112296",
    "Title": "Fire Alarm received",
    "Type": "Fire Alarm received",
    "Alert_DateTime": "2025-08-16T17:36:11.000Z",
    "Status": "Closed",
    "Premise_ID": "61329",
    "Title_Ar": "تم تنشيط إنذار الحريق",
    "Type_Ar": "تم استلام إنذار الحريق"
  },
  {
    "id": "415191",
    "Account_ID": "30447",
    "User_ID": "mob141383",
    "Mobile": "0566899766",
    "Title": "Fire Alarm received",
    "Type": "Fire Alarm received",
    "Alert_DateTime": "2025-08-16T17:31:12.000Z",
    "Status": "Closed",
    "Premise_ID": "30447",
    "Title_Ar": "تم تنشيط إنذار الحريق",
    "Type_Ar": "تم استلام إنذار الحريق"
  },
  {
    "id": "415190",
    "Account_ID": "42078",
    "User_ID": "mob498292",
    "Mobile": "0509055528",
    "Title": "Fire Alarm received",
    "Type": "Fire Alarm received",
    "Alert_DateTime": "2025-08-16T17:29:47.000Z",
    "Status": "Closed",
    "Premise_ID": "42078",
    "Title_Ar": "تم تنشيط إنذار الحريق",
    "Type_Ar": "تم استلام إنذار الحريق"
  },
  {
    "id": "415189",
    "Account_ID": "42078",
    "User_ID": "mob498292",
    "Mobile": "0509055528",
    "Title": "Fire Alarm received",
    "Type": "Fire Alarm received",
    "Alert_DateTime": "2025-08-16T17:29:30.000Z",
    "Status": "Closed",
    "Premise_ID": "42078",
    "Title_Ar": "تم تنشيط إنذار الحريق",
    "Type_Ar": "تم استلام إنذار الحريق"
  },
  {
    "id": "415188",
    "Account_ID": "58125",
    "User_ID": "mob569769",
    "Mobile": "0507652604",
    "Title": "Fire Alarm received",
    "Type": "Fire Alarm received",
    "Alert_DateTime": "2025-08-16T17:23:52.000Z",
    "Status": "Closed",
    "Premise_ID": "58125",
    "Title_Ar": "تم تنشيط إنذار الحريق",
    "Type_Ar": "تم استلام إنذار الحريق"
  },
  {
    "id": "415187",
    "Account_ID": "123",
    "User_ID": "mob377442",
    "Mobile": "0508665654",
    "Title": "Fire Alarm received",
    "Type": "Fire Alarm received",
    "Alert_DateTime": "2025-08-16T17:19:31.000Z",
    "Status": "Closed",
    "Premise_ID": "123",
    "Title_Ar": "تم تنشيط إنذار الحريق",
    "Type_Ar": "تم استلام إنذار الحريق"
  },
  {
    "id": "415186",
    "Account_ID": "22639",
    "User_ID": "mob387903",
    "Mobile": "0502999953",
    "Title": "Fire Alarm received",
    "Type": "Fire Alarm received",
    "Alert_DateTime": "2025-08-16T17:10:48.000Z",
    "Status": "Closed",
    "Premise_ID": "22639",
    "Title_Ar": "تم تنشيط إنذار الحريق",
    "Type_Ar": "تم استلام إنذار الحريق"
  },
  {
    "id": "415185",
    "Account_ID": "123",
    "User_ID": "mob377442",
    "Mobile": "0508665654",
    "Title": "Fire Alarm received",
    "Type": "Fire Alarm received",
    "Alert_DateTime": "2025-08-16T17:10:43.000Z",
    "Status": "Closed",
    "Premise_ID": "123",
    "Title_Ar": "تم تنشيط إنذار الحريق",
    "Type_Ar": "تم استلام إنذار الحريق"
  },
  {
    "id": "415184",
    "Account_ID": "123",
    "User_ID": "mob377442",
    "Mobile": "0508665654",
    "Title": "Fire Alarm received",
    "Type": "Fire Alarm received",
    "Alert_DateTime": "2025-08-16T17:10:17.000Z",
    "Status": "Closed",
    "Premise_ID": "123",
    "Title_Ar": "تم تنشيط إنذار الحريق",
    "Type_Ar": "تم استلام إنذار الحريق"
  },
  {
    "id": "415183",
    "Account_ID": "46560",
    "User_ID": "mob128169",
    "Mobile": "0504880896",
    "Title": "Fire Alarm received",
    "Type": "Fire Alarm received",
    "Alert_DateTime": "2025-08-16T17:06:47.000Z",
    "Status": "Closed",
    "Premise_ID": "46560",
    "Title_Ar": "تم تنشيط إنذار الحريق",
    "Type_Ar": "تم استلام إنذار الحريق"
  },
  {
    "id": "415182",
    "Account_ID": "60995",
    "User_ID": "mob242322",
    "Mobile": "0503566625",
    "Title": "Fire Alarm received",
    "Type": "Fire Alarm received",
    "Alert_DateTime": "2025-08-16T16:58:21.000Z",
    "Status": "Closed",
    "Premise_ID": "60995",
    "Title_Ar": "تم تنشيط إنذار الحريق",
    "Type_Ar": "تم استلام إنذار الحريق"
  },
  {
    "id": "415181",
    "Account_ID": "55411",
    "User_ID": "mob388243",
    "Mobile": "0508584119",
    "Title": "Fire Alarm received",
    "Type": "Fire Alarm received",
    "Alert_DateTime": "2025-08-16T16:54:49.000Z",
    "Status": "Closed",
    "Premise_ID": "55411",
    "Title_Ar": "تم تنشيط إنذار الحريق",
    "Type_Ar": "تم استلام إنذار الحريق"
  },
  {
    "id": "415180",
    "Account_ID": "5616",
    "User_ID": "mob904230",
    "Mobile": "0503996990",
    "Title": "Fire Alarm received",
    "Type": "Fire Alarm received",
    "Alert_DateTime": "2025-08-16T16:49:52.000Z",
    "Status": "Closed",
    "Premise_ID": "5616",
    "Title_Ar": "تم تنشيط إنذار الحريق",
    "Type_Ar": "تم استلام إنذار الحريق"
  },
  {
    "id": "415179",
    "Account_ID": "4887",
    "User_ID": "mob541873",
    "Mobile": "0501858282",
    "Title": "Fire Alarm received",
    "Type": "Fire Alarm received",
    "Alert_DateTime": "2025-08-16T16:22:48.000Z",
    "Status": "Closed",
    "Premise_ID": "4887",
    "Title_Ar": "تم تنشيط إنذار الحريق",
    "Type_Ar": "تم استلام إنذار الحريق"
  },
  {
    "id": "415178",
    "Account_ID": "4887",
    "User_ID": "mob541873",
    "Mobile": "0501858282",
    "Title": "Fire Alarm received",
    "Type": "Fire Alarm received",
    "Alert_DateTime": "2025-08-16T16:21:12.000Z",
    "Status": "Closed",
    "Premise_ID": "4887",
    "Title_Ar": "تم تنشيط إنذار الحريق",
    "Type_Ar": "تم استلام إنذار الحريق"
  },
  {
    "id": "415177",
    "Account_ID": "43282",
    "User_ID": "mob754489",
    "Mobile": "0506633130",
    "Title": "Fire Alarm received",
    "Type": "Fire Alarm received",
    "Alert_DateTime": "2025-08-16T16:16:36.000Z",
    "Status": "Closed",
    "Premise_ID": "43282",
    "Title_Ar": "تم تنشيط إنذار الحريق",
    "Type_Ar": "تم استلام إنذار الحريق"
  },
  {
    "id": "415176",
    "Account_ID": "29926",
    "User_ID": "mob539818",
    "Mobile": "0566066119",
    "Title": "Fire Alarm received",
    "Type": "Fire Alarm received",
    "Alert_DateTime": "2025-08-16T16:12:07.000Z",
    "Status": "Closed",
    "Premise_ID": "29926",
    "Title_Ar": "تم تنشيط إنذار الحريق",
    "Type_Ar": "تم استلام إنذار الحريق"
  },
  {
    "id": "415175",
    "Account_ID": "49476",
    "User_ID": "mob343206",
    "Mobile": "0506221226",
    "Title": "Fire Alarm received",
    "Type": "Fire Alarm received",
    "Alert_DateTime": "2025-08-16T16:07:50.000Z",
    "Status": "Closed",
    "Premise_ID": "49476",
    "Title_Ar": "تم تنشيط إنذار الحريق",
    "Type_Ar": "تم استلام إنذار الحريق"
  },
  {
    "id": "415174",
    "Account_ID": "4887",
    "User_ID": "mob541873",
    "Mobile": "0501858282",
    "Title": "Fire Alarm received",
    "Type": "Fire Alarm received",
    "Alert_DateTime": "2025-08-16T16:06:48.000Z",
    "Status": "Closed",
    "Premise_ID": "4887",
    "Title_Ar": "تم تنشيط إنذار الحريق",
    "Type_Ar": "تم استلام إنذار الحريق"
  },
  {
    "id": "415173",
    "Account_ID": "55302",
    "User_ID": "mob963604",
    "Mobile": "0504492229",
    "Title": "Fire Alarm received",
    "Type": "Fire Alarm received",
    "Alert_DateTime": "2025-08-16T16:05:27.000Z",
    "Status": "Closed",
    "Premise_ID": "55302",
    "Title_Ar": "تم تنشيط إنذار الحريق",
    "Type_Ar": "تم استلام إنذار الحريق"
  },
  {
    "id": "415172",
    "Account_ID": "55302",
    "User_ID": "mob963604",
    "Mobile": "0504492229",
    "Title": "Fire Alarm received",
    "Type": "Fire Alarm received",
    "Alert_DateTime": "2025-08-16T16:04:44.000Z",
    "Status": "Closed",
    "Premise_ID": "55302",
    "Title_Ar": "تم تنشيط إنذار الحريق",
    "Type_Ar": "تم استلام إنذار الحريق"
  },
  {
    "id": "415171",
    "Account_ID": "31854",
    "User_ID": "mob996261",
    "Mobile": "0555588032",
    "Title": "Fire Alarm received",
    "Type": "Fire Alarm received",
    "Alert_DateTime": "2025-08-16T16:02:38.000Z",
    "Status": "Closed",
    "Premise_ID": "31854",
    "Title_Ar": "تم تنشيط إنذار الحريق",
    "Type_Ar": "تم استلام إنذار الحريق"
  },
  {
    "id": "415171",
    "Account_ID": "31854",
    "User_ID": "mob996261",
    "Mobile": "0559907444",
    "Title": "Fire Alarm received",
    "Type": "Fire Alarm received",
    "Alert_DateTime": "2025-08-16T16:02:38.000Z",
    "Status": "Closed",
    "Premise_ID": "31854",
    "Title_Ar": "تم تنشيط إنذار الحريق",
    "Type_Ar": "تم استلام إنذار الحريق"
  },
  {
    "id": "415170",
    "Account_ID": "4887",
    "User_ID": "mob541873",
    "Mobile": "0501858282",
    "Title": "Fire Alarm received",
    "Type": "Fire Alarm received",
    "Alert_DateTime": "2025-08-16T16:01:48.000Z",
    "Status": "Closed",
    "Premise_ID": "4887",
    "Title_Ar": "تم تنشيط إنذار الحريق",
    "Type_Ar": "تم استلام إنذار الحريق"
  },
  {
    "id": "415169",
    "Account_ID": "53465",
    "User_ID": "mob613347",
    "Mobile": "0503293030",
    "Title": "Fire Alarm received",
    "Type": "Fire Alarm received",
    "Alert_DateTime": "2025-08-16T15:59:36.000Z",
    "Status": "Closed",
    "Premise_ID": "53465",
    "Title_Ar": "تم تنشيط إنذار الحريق",
    "Type_Ar": "تم استلام إنذار الحريق"
  },
  {
    "id": "415168",
    "Account_ID": "10347",
    "User_ID": "mob169544",
    "Mobile": "0506682112",
    "Title": "Fire Alarm received",
    "Type": "Fire Alarm received",
    "Alert_DateTime": "2025-08-16T15:53:31.000Z",
    "Status": "Closed",
    "Premise_ID": "10347",
    "Title_Ar": "تم تنشيط إنذار الحريق",
    "Type_Ar": "تم استلام إنذار الحريق"
  },
  {
    "id": "415167",
    "Account_ID": "13021",
    "User_ID": "mob397781",
    "Mobile": "0501932266",
    "Title": "Fire Alarm received",
    "Type": "Fire Alarm received",
    "Alert_DateTime": "2025-08-16T15:52:19.000Z",
    "Status": "Closed",
    "Premise_ID": "13021",
    "Title_Ar": "تم تنشيط إنذار الحريق",
    "Type_Ar": "تم استلام إنذار الحريق"
  },
  {
    "id": "415166",
    "Account_ID": "13021",
    "User_ID": "mob397781",
    "Mobile": "0501932266",
    "Title": "Fire Alarm received",
    "Type": "Fire Alarm received",
    "Alert_DateTime": "2025-08-16T15:47:15.000Z",
    "Status": "Closed",
    "Premise_ID": "13021",
    "Title_Ar": "تم تنشيط إنذار الحريق",
    "Type_Ar": "تم استلام إنذار الحريق"
  },
  {
    "id": "415165",
    "Account_ID": "42714",
    "User_ID": "mob514068",
    "Mobile": "0506677287",
    "Title": "Fire Alarm received",
    "Type": "Fire Alarm received",
    "Alert_DateTime": "2025-08-16T15:44:46.000Z",
    "Status": "Closed",
    "Premise_ID": "42714",
    "Title_Ar": "تم تنشيط إنذار الحريق",
    "Type_Ar": "تم استلام إنذار الحريق"
  },
  {
    "id": "415164",
    "Account_ID": "13021",
    "User_ID": "mob397781",
    "Mobile": "0501932266",
    "Title": "Fire Alarm received",
    "Type": "Fire Alarm received",
    "Alert_DateTime": "2025-08-16T15:43:31.000Z",
    "Status": "Closed",
    "Premise_ID": "13021",
    "Title_Ar": "تم تنشيط إنذار الحريق",
    "Type_Ar": "تم استلام إنذار الحريق"
  },
  {
    "id": "415163",
    "Account_ID": "13021",
    "User_ID": "mob397781",
    "Mobile": "0501932266",
    "Title": "Fire Alarm received",
    "Type": "Fire Alarm received",
    "Alert_DateTime": "2025-08-16T15:42:20.000Z",
    "Status": "Closed",
    "Premise_ID": "13021",
    "Title_Ar": "تم تنشيط إنذار الحريق",
    "Type_Ar": "تم استلام إنذار الحريق"
  },
  {
    "id": "415162",
    "Account_ID": "13021",
    "User_ID": "mob397781",
    "Mobile": "0501932266",
    "Title": "Fire Alarm received",
    "Type": "Fire Alarm received",
    "Alert_DateTime": "2025-08-16T15:41:22.000Z",
    "Status": "Closed",
    "Premise_ID": "13021",
    "Title_Ar": "تم تنشيط إنذار الحريق",
    "Type_Ar": "تم استلام إنذار الحريق"
  },
  {
    "id": "415161",
    "Account_ID": "10176",
    "User_ID": "mob606080",
    "Mobile": "0559997885",
    "Title": "Fire Alarm received",
    "Type": "Fire Alarm received",
    "Alert_DateTime": "2025-08-16T15:39:34.000Z",
    "Status": "Closed",
    "Premise_ID": "10176",
    "Title_Ar": "تم تنشيط إنذار الحريق",
    "Type_Ar": "تم استلام إنذار الحريق"
  },
  {
    "id": "415160",
    "Account_ID": "10176",
    "User_ID": "mob606080",
    "Mobile": "0559997885",
    "Title": "Fire Alarm received",
    "Type": "Fire Alarm received",
    "Alert_DateTime": "2025-08-16T15:39:01.000Z",
    "Status": "Closed",
    "Premise_ID": "10176",
    "Title_Ar": "تم تنشيط إنذار الحريق",
    "Type_Ar": "تم استلام إنذار الحريق"
  },
  {
    "id": "415159",
    "Account_ID": "29847",
    "User_ID": "mob237920",
    "Mobile": "0506313445",
    "Title": "Fire Alarm received",
    "Type": "Fire Alarm received",
    "Alert_DateTime": "2025-08-16T15:37:09.000Z",
    "Status": "Open",
    "Premise_ID": "29847",
    "Title_Ar": "تم تنشيط إنذار الحريق",
    "Type_Ar": "تم استلام إنذار الحريق"
  },
  {
    "id": "415158",
    "Account_ID": "55155",
    "User_ID": "mob327479",
    "Mobile": "0507499779",
    "Title": "Fire Alarm received",
    "Type": "Fire Alarm received",
    "Alert_DateTime": "2025-08-16T15:30:56.000Z",
    "Status": "Closed",
    "Premise_ID": "55155",
    "Title_Ar": "تم تنشيط إنذار الحريق",
    "Type_Ar": "تم استلام إنذار الحريق"
  },
  {
    "id": "415157",
    "Account_ID": "10176",
    "User_ID": "mob606080",
    "Mobile": "0559997885",
    "Title": "Fire Alarm received",
    "Type": "Fire Alarm received",
    "Alert_DateTime": "2025-08-16T15:30:54.000Z",
    "Status": "Closed",
    "Premise_ID": "10176",
    "Title_Ar": "تم تنشيط إنذار الحريق",
    "Type_Ar": "تم استلام إنذار الحريق"
  },
  {
    "id": "415156",
    "Account_ID": "10176",
    "User_ID": "mob606080",
    "Mobile": "0559997885",
    "Title": "Fire Alarm received",
    "Type": "Fire Alarm received",
    "Alert_DateTime": "2025-08-16T15:30:46.000Z",
    "Status": "Closed",
    "Premise_ID": "10176",
    "Title_Ar": "تم تنشيط إنذار الحريق",
    "Type_Ar": "تم استلام إنذار الحريق"
  },
  {
    "id": "415155",
    "Account_ID": "47214",
    "User_ID": "mob585662",
    "Mobile": "0507369090",
    "Title": "Fire Alarm received",
    "Type": "Fire Alarm received",
    "Alert_DateTime": "2025-08-16T15:27:44.000Z",
    "Status": "Closed",
    "Premise_ID": "47214",
    "Title_Ar": "تم تنشيط إنذار الحريق",
    "Type_Ar": "تم استلام إنذار الحريق"
  },
  {
    "id": "415154",
    "Account_ID": "44236",
    "User_ID": "mob507164",
    "Mobile": "0501933773",
    "Title": "Fire Alarm received",
    "Type": "Fire Alarm received",
    "Alert_DateTime": "2025-08-16T15:26:57.000Z",
    "Status": "Closed",
    "Premise_ID": "44236",
    "Title_Ar": "تم تنشيط إنذار الحريق",
    "Type_Ar": "تم استلام إنذار الحريق"
  },
  {
    "id": "415153",
    "Account_ID": "44236",
    "User_ID": "mob507164",
    "Mobile": "0501933773",
    "Title": "Fire Alarm received",
    "Type": "Fire Alarm received",
    "Alert_DateTime": "2025-08-16T15:26:09.000Z",
    "Status": "Closed",
    "Premise_ID": "44236",
    "Title_Ar": "تم تنشيط إنذار الحريق",
    "Type_Ar": "تم استلام إنذار الحريق"
  },
  {
    "id": "415152",
    "Account_ID": "8001728",
    "User_ID": "mob739781",
    "Mobile": "0501246724",
    "Title": "Fire Alarm received",
    "Type": "Fire Alarm received",
    "Alert_DateTime": "2025-08-16T15:25:38.000Z",
    "Status": "Closed",
    "Premise_ID": "8001728",
    "Title_Ar": "تم تنشيط إنذار الحريق",
    "Type_Ar": "تم استلام إنذار الحريق"
  },
  {
    "id": "415151",
    "Account_ID": "4887",
    "User_ID": "mob541873",
    "Mobile": "0501858282",
    "Title": "Fire Alarm received",
    "Type": "Fire Alarm received",
    "Alert_DateTime": "2025-08-16T15:25:20.000Z",
    "Status": "Closed",
    "Premise_ID": "4887",
    "Title_Ar": "تم تنشيط إنذار الحريق",
    "Type_Ar": "تم استلام إنذار الحريق"
  },
  {
    "id": "415150",
    "Account_ID": "4887",
    "User_ID": "mob541873",
    "Mobile": "0501858282",
    "Title": "Fire Alarm received",
    "Type": "Fire Alarm received",
    "Alert_DateTime": "2025-08-16T15:20:28.000Z",
    "Status": "Closed",
    "Premise_ID": "4887",
    "Title_Ar": "تم تنشيط إنذار الحريق",
    "Type_Ar": "تم استلام إنذار الحريق"
  },
  {
    "id": "415149",
    "Account_ID": "4887",
    "User_ID": "mob541873",
    "Mobile": "0501858282",
    "Title": "Fire Alarm received",
    "Type": "Fire Alarm received",
    "Alert_DateTime": "2025-08-16T15:19:40.000Z",
    "Status": "Closed",
    "Premise_ID": "4887",
    "Title_Ar": "تم تنشيط إنذار الحريق",
    "Type_Ar": "تم استلام إنذار الحريق"
  },
  {
    "id": "415148",
    "Account_ID": "44703",
    "User_ID": "mob772755",
    "Mobile": "0567774284",
    "Title": "Fire Alarm received",
    "Type": "Fire Alarm received",
    "Alert_DateTime": "2025-08-16T15:17:35.000Z",
    "Status": "Closed",
    "Premise_ID": "44703",
    "Title_Ar": "تم تنشيط إنذار الحريق",
    "Type_Ar": "تم استلام إنذار الحريق"
  },
  {
    "id": "415148",
    "Account_ID": "44703",
    "User_ID": "mob772755",
    "Mobile": "0506166637",
    "Title": "Fire Alarm received",
    "Type": "Fire Alarm received",
    "Alert_DateTime": "2025-08-16T15:17:35.000Z",
    "Status": "Closed",
    "Premise_ID": "44703",
    "Title_Ar": "تم تنشيط إنذار الحريق",
    "Type_Ar": "تم استلام إنذار الحريق"
  },
  {
    "id": "415147",
    "Account_ID": "50394",
    "User_ID": "mob473911",
    "Mobile": "0506474121",
    "Title": "Fire Alarm received",
    "Type": "Fire Alarm received",
    "Alert_DateTime": "2025-08-16T15:12:08.000Z",
    "Status": "Closed",
    "Premise_ID": "50394",
    "Title_Ar": "تم تنشيط إنذار الحريق",
    "Type_Ar": "تم استلام إنذار الحريق"
  },
  {
    "id": "415146",
    "Account_ID": "50025",
    "User_ID": "mob828528",
    "Mobile": "0506349626",
    "Title": "Fire Alarm received",
    "Type": "Fire Alarm received",
    "Alert_DateTime": "2025-08-16T15:03:07.000Z",
    "Status": "Closed",
    "Premise_ID": "50025",
    "Title_Ar": "تم تنشيط إنذار الحريق",
    "Type_Ar": "تم استلام إنذار الحريق"
  },
  {
    "id": "415145",
    "Account_ID": "41043",
    "User_ID": "mob654717",
    "Mobile": "0522699006",
    "Title": "Fire Alarm received",
    "Type": "Fire Alarm received",
    "Alert_DateTime": "2025-08-16T14:49:21.000Z",
    "Status": "Closed",
    "Premise_ID": "41043",
    "Title_Ar": "تم تنشيط إنذار الحريق",
    "Type_Ar": "تم استلام إنذار الحريق"
  },
  {
    "id": "415144",
    "Account_ID": "37082",
    "User_ID": "mob900250",
    "Mobile": "0506905090",
    "Title": "Fire Alarm received",
    "Type": "Fire Alarm received",
    "Alert_DateTime": "2025-08-16T14:43:22.000Z",
    "Status": "Closed",
    "Premise_ID": "37082",
    "Title_Ar": "تم تنشيط إنذار الحريق",
    "Type_Ar": "تم استلام إنذار الحريق"
  },
  {
    "id": "415143",
    "Account_ID": "35687",
    "User_ID": "mob403609",
    "Mobile": "0509926661",
    "Title": "Fire Alarm received",
    "Type": "Fire Alarm received",
    "Alert_DateTime": "2025-08-16T14:41:35.000Z",
    "Status": "Closed",
    "Premise_ID": "35687",
    "Title_Ar": "تم تنشيط إنذار الحريق",
    "Type_Ar": "تم استلام إنذار الحريق"
  },
  {
    "id": "415142",
    "Account_ID": "35687",
    "User_ID": "mob403609",
    "Mobile": "0509926661",
    "Title": "Fire Alarm received",
    "Type": "Fire Alarm received",
    "Alert_DateTime": "2025-08-16T14:41:28.000Z",
    "Status": "Closed",
    "Premise_ID": "35687",
    "Title_Ar": "تم تنشيط إنذار الحريق",
    "Type_Ar": "تم استلام إنذار الحريق"
  },
  {
    "id": "415141",
    "Account_ID": "35687",
    "User_ID": "mob403609",
    "Mobile": "0509926661",
    "Title": "Fire Alarm received",
    "Type": "Fire Alarm received",
    "Alert_DateTime": "2025-08-16T14:41:01.000Z",
    "Status": "Closed",
    "Premise_ID": "35687",
    "Title_Ar": "تم تنشيط إنذار الحريق",
    "Type_Ar": "تم استلام إنذار الحريق"
  },
  {
    "id": "415140",
    "Account_ID": "37082",
    "User_ID": "mob900250",
    "Mobile": "0506905090",
    "Title": "Fire Alarm received",
    "Type": "Fire Alarm received",
    "Alert_DateTime": "2025-08-16T14:40:44.000Z",
    "Status": "Closed",
    "Premise_ID": "37082",
    "Title_Ar": "تم تنشيط إنذار الحريق",
    "Type_Ar": "تم استلام إنذار الحريق"
  },
  {
    "id": "415139",
    "Account_ID": "35687",
    "User_ID": "mob403609",
    "Mobile": "0509926661",
    "Title": "Fire Alarm received",
    "Type": "Fire Alarm received",
    "Alert_DateTime": "2025-08-16T14:36:20.000Z",
    "Status": "Closed",
    "Premise_ID": "35687",
    "Title_Ar": "تم تنشيط إنذار الحريق",
    "Type_Ar": "تم استلام إنذار الحريق"
  },
  {
    "id": "415138",
    "Account_ID": "37082",
    "User_ID": "mob900250",
    "Mobile": "0506905090",
    "Title": "Fire Alarm received",
    "Type": "Fire Alarm received",
    "Alert_DateTime": "2025-08-16T14:35:59.000Z",
    "Status": "Closed",
    "Premise_ID": "37082",
    "Title_Ar": "تم تنشيط إنذار الحريق",
    "Type_Ar": "تم استلام إنذار الحريق"
  },
  {
    "id": "415137",
    "Account_ID": "21555",
    "User_ID": "mob557995",
    "Mobile": "0506597777",
    "Title": "Fire Alarm received",
    "Type": "Fire Alarm received",
    "Alert_DateTime": "2025-08-16T14:34:36.000Z",
    "Status": "Closed",
    "Premise_ID": "21555",
    "Title_Ar": "تم تنشيط إنذار الحريق",
    "Type_Ar": "تم استلام إنذار الحريق"
  },
  {
    "id": "415136",
    "Account_ID": "43810",
    "User_ID": "mob836352",
    "Mobile": "0585544101",
    "Title": "Fire Alarm received",
    "Type": "Fire Alarm received",
    "Alert_DateTime": "2025-08-16T14:31:11.000Z",
    "Status": "Closed",
    "Premise_ID": "43810",
    "Title_Ar": "تم تنشيط إنذار الحريق",
    "Type_Ar": "تم استلام إنذار الحريق"
  },
  {
    "id": "415135",
    "Account_ID": "45401",
    "User_ID": "mob113357",
    "Mobile": "0501800850",
    "Title": "Fire Alarm received",
    "Type": "Fire Alarm received",
    "Alert_DateTime": "2025-08-16T14:29:37.000Z",
    "Status": "Closed",
    "Premise_ID": "45401",
    "Title_Ar": "تم تنشيط إنذار الحريق",
    "Type_Ar": "تم استلام إنذار الحريق"
  },
  {
    "id": "415134",
    "Account_ID": "40382",
    "User_ID": "mob261900",
    "Mobile": "0505548382",
    "Title": "Fire Alarm received",
    "Type": "Fire Alarm received",
    "Alert_DateTime": "2025-08-16T14:18:41.000Z",
    "Status": "Closed",
    "Premise_ID": "40382",
    "Title_Ar": "تم تنشيط إنذار الحريق",
    "Type_Ar": "تم استلام إنذار الحريق"
  },
  {
    "id": "415133",
    "Account_ID": "56366",
    "User_ID": "mob139784",
    "Mobile": "0503686225",
    "Title": "Fire Alarm received",
    "Type": "Fire Alarm received",
    "Alert_DateTime": "2025-08-16T14:15:25.000Z",
    "Status": "Closed",
    "Premise_ID": "56366",
    "Title_Ar": "تم تنشيط إنذار الحريق",
    "Type_Ar": "تم استلام إنذار الحريق"
  },
  {
    "id": "415132",
    "Account_ID": "37544",
    "User_ID": "mob279474",
    "Mobile": "0506455407",
    "Title": "Fire Alarm received",
    "Type": "Fire Alarm received",
    "Alert_DateTime": "2025-08-16T14:14:05.000Z",
    "Status": "Closed",
    "Premise_ID": "37544",
    "Title_Ar": "تم تنشيط إنذار الحريق",
    "Type_Ar": "تم استلام إنذار الحريق"
  },
  {
    "id": "415131",
    "Account_ID": "41736",
    "User_ID": "mob288150",
    "Mobile": "0509979949",
    "Title": "Fire Alarm received",
    "Type": "Fire Alarm received",
    "Alert_DateTime": "2025-08-16T14:10:56.000Z",
    "Status": "Closed",
    "Premise_ID": "41736",
    "Title_Ar": "تم تنشيط إنذار الحريق",
    "Type_Ar": "تم استلام إنذار الحريق"
  },
  {
    "id": "415130",
    "Account_ID": "31092",
    "User_ID": "mob273508",
    "Mobile": "0506275526",
    "Title": "Fire Alarm received",
    "Type": "Fire Alarm received",
    "Alert_DateTime": "2025-08-16T14:08:30.000Z",
    "Status": "Closed",
    "Premise_ID": "31092",
    "Title_Ar": "تم تنشيط إنذار الحريق",
    "Type_Ar": "تم استلام إنذار الحريق"
  },
  {
    "id": "415129",
    "Account_ID": "44838",
    "User_ID": "mob363995",
    "Mobile": "0581361054",
    "Title": "Fire Alarm received",
    "Type": "Fire Alarm received",
    "Alert_DateTime": "2025-08-16T14:06:09.000Z",
    "Status": "Closed",
    "Premise_ID": "44838",
    "Title_Ar": "تم تنشيط إنذار الحريق",
    "Type_Ar": "تم استلام إنذار الحريق"
  },
  {
    "id": "415128",
    "Account_ID": "45986",
    "User_ID": "mob567609",
    "Mobile": "0524053723",
    "Title": "Fire Alarm received",
    "Type": "Fire Alarm received",
    "Alert_DateTime": "2025-08-16T13:58:53.000Z",
    "Status": "Closed",
    "Premise_ID": "45986",
    "Title_Ar": "تم تنشيط إنذار الحريق",
    "Type_Ar": "تم استلام إنذار الحريق"
  },
  {
    "id": "415127",
    "Account_ID": "25395",
    "User_ID": "mob222310",
    "Mobile": "0505889999",
    "Title": "Fire Alarm received",
    "Type": "Fire Alarm received",
    "Alert_DateTime": "2025-08-16T13:49:11.000Z",
    "Status": "Closed",
    "Premise_ID": "25395",
    "Title_Ar": "تم تنشيط إنذار الحريق",
    "Type_Ar": "تم استلام إنذار الحريق"
  },
  {
    "id": "415126",
    "Account_ID": "11130",
    "User_ID": "mob156216",
    "Mobile": "0504280555",
    "Title": "Fire Alarm received",
    "Type": "Fire Alarm received",
    "Alert_DateTime": "2025-08-16T13:48:39.000Z",
    "Status": "Closed",
    "Premise_ID": "11130",
    "Title_Ar": "تم تنشيط إنذار الحريق",
    "Type_Ar": "تم استلام إنذار الحريق"
  },
  {
    "id": "415125",
    "Account_ID": "29847",
    "User_ID": "mob237920",
    "Mobile": "0506313445",
    "Title": "Fire Alarm received",
    "Type": "Fire Alarm received",
    "Alert_DateTime": "2025-08-16T13:45:17.000Z",
    "Status": "Open",
    "Premise_ID": "29847",
    "Title_Ar": "تم تنشيط إنذار الحريق",
    "Type_Ar": "تم استلام إنذار الحريق"
  },
  {
    "id": "415124",
    "Account_ID": "29847",
    "User_ID": "mob237920",
    "Mobile": "0506313445",
    "Title": "Fire Alarm received",
    "Type": "Fire Alarm received",
    "Alert_DateTime": "2025-08-16T13:43:23.000Z",
    "Status": "Open",
    "Premise_ID": "29847",
    "Title_Ar": "تم تنشيط إنذار الحريق",
    "Type_Ar": "تم استلام إنذار الحريق"
  },
  {
    "id": "415123",
    "Account_ID": "29847",
    "User_ID": "mob237920",
    "Mobile": "0506313445",
    "Title": "Fire Alarm received",
    "Type": "Fire Alarm received",
    "Alert_DateTime": "2025-08-16T13:41:59.000Z",
    "Status": "Open",
    "Premise_ID": "29847",
    "Title_Ar": "تم تنشيط إنذار الحريق",
    "Type_Ar": "تم استلام إنذار الحريق"
  },
  {
    "id": "415122",
    "Account_ID": "32161",
    "User_ID": "mob368060",
    "Mobile": "0504848689",
    "Title": "Fire Alarm received",
    "Type": "Fire Alarm received",
    "Alert_DateTime": "2025-08-16T13:41:28.000Z",
    "Status": "Closed",
    "Premise_ID": "32161",
    "Title_Ar": "تم تنشيط إنذار الحريق",
    "Type_Ar": "تم استلام إنذار الحريق"
  },
  {
    "id": "415121",
    "Account_ID": "29847",
    "User_ID": "mob237920",
    "Mobile": "0506313445",
    "Title": "Fire Alarm received",
    "Type": "Fire Alarm received",
    "Alert_DateTime": "2025-08-16T13:41:07.000Z",
    "Status": "Open",
    "Premise_ID": "29847",
    "Title_Ar": "تم تنشيط إنذار الحريق",
    "Type_Ar": "تم استلام إنذار الحريق"
  },
  {
    "id": "415120",
    "Account_ID": "32161",
    "User_ID": "mob368060",
    "Mobile": "0504848689",
    "Title": "Fire Alarm received",
    "Type": "Fire Alarm received",
    "Alert_DateTime": "2025-08-16T13:41:01.000Z",
    "Status": "Closed",
    "Premise_ID": "32161",
    "Title_Ar": "تم تنشيط إنذار الحريق",
    "Type_Ar": "تم استلام إنذار الحريق"
  },
  {
    "id": "415119",
    "Account_ID": "32161",
    "User_ID": "mob368060",
    "Mobile": "0504848689",
    "Title": "Fire Alarm received",
    "Type": "Fire Alarm received",
    "Alert_DateTime": "2025-08-16T13:40:45.000Z",
    "Status": "Closed",
    "Premise_ID": "32161",
    "Title_Ar": "تم تنشيط إنذار الحريق",
    "Type_Ar": "تم استلام إنذار الحريق"
  },
  {
    "id": "415118",
    "Account_ID": "29847",
    "User_ID": "mob237920",
    "Mobile": "0506313445",
    "Title": "Fire Alarm received",
    "Type": "Fire Alarm received",
    "Alert_DateTime": "2025-08-16T13:40:39.000Z",
    "Status": "Open",
    "Premise_ID": "29847",
    "Title_Ar": "تم تنشيط إنذار الحريق",
    "Type_Ar": "تم استلام إنذار الحريق"
  },
  {
    "id": "415117",
    "Account_ID": "11130",
    "User_ID": "mob156216",
    "Mobile": "0504280555",
    "Title": "Fire Alarm received",
    "Type": "Fire Alarm received",
    "Alert_DateTime": "2025-08-16T13:38:05.000Z",
    "Status": "Closed",
    "Premise_ID": "11130",
    "Title_Ar": "تم تنشيط إنذار الحريق",
    "Type_Ar": "تم استلام إنذار الحريق"
  },
  {
    "id": "415116",
    "Account_ID": "30390",
    "User_ID": "mob453090",
    "Mobile": "0506182003",
    "Title": "Fire Alarm received",
    "Type": "Fire Alarm received",
    "Alert_DateTime": "2025-08-16T13:34:16.000Z",
    "Status": "Closed",
    "Premise_ID": "30390",
    "Title_Ar": "تم تنشيط إنذار الحريق",
    "Type_Ar": "تم استلام إنذار الحريق"
  },
  {
    "id": "415115",
    "Account_ID": "11130",
    "User_ID": "mob156216",
    "Mobile": "0504280555",
    "Title": "Fire Alarm received",
    "Type": "Fire Alarm received",
    "Alert_DateTime": "2025-08-16T13:30:48.000Z",
    "Status": "Closed",
    "Premise_ID": "11130",
    "Title_Ar": "تم تنشيط إنذار الحريق",
    "Type_Ar": "تم استلام إنذار الحريق"
  },
  {
    "id": "415114",
    "Account_ID": "30390",
    "User_ID": "mob453090",
    "Mobile": "0506182003",
    "Title": "Fire Alarm received",
    "Type": "Fire Alarm received",
    "Alert_DateTime": "2025-08-16T13:30:01.000Z",
    "Status": "Closed",
    "Premise_ID": "30390",
    "Title_Ar": "تم تنشيط إنذار الحريق",
    "Type_Ar": "تم استلام إنذار الحريق"
  },
  {
    "id": "415113",
    "Account_ID": "30390",
    "User_ID": "mob453090",
    "Mobile": "0506182003",
    "Title": "Fire Alarm received",
    "Type": "Fire Alarm received",
    "Alert_DateTime": "2025-08-16T13:29:29.000Z",
    "Status": "Closed",
    "Premise_ID": "30390",
    "Title_Ar": "تم تنشيط إنذار الحريق",
    "Type_Ar": "تم استلام إنذار الحريق"
  },
  {
    "id": "415112",
    "Account_ID": "76038",
    "User_ID": "mob895760",
    "Mobile": "0508444592",
    "Title": "Fire Alarm received",
    "Type": "Fire Alarm received",
    "Alert_DateTime": "2025-08-16T13:26:02.000Z",
    "Status": "Closed",
    "Premise_ID": "76038",
    "Title_Ar": "تم تنشيط إنذار الحريق",
    "Type_Ar": "تم استلام إنذار الحريق"
  },
  {
    "id": "415111",
    "Account_ID": "46199",
    "User_ID": "mob976402",
    "Mobile": "0557555507",
    "Title": "Fire Alarm received",
    "Type": "Fire Alarm received",
    "Alert_DateTime": "2025-08-16T13:22:25.000Z",
    "Status": "Closed",
    "Premise_ID": "46199",
    "Title_Ar": "تم تنشيط إنذار الحريق",
    "Type_Ar": "تم استلام إنذار الحريق"
  },
  {
    "id": "415110",
    "Account_ID": "35862",
    "User_ID": "mob949102",
    "Mobile": "0528411842",
    "Title": "Fire Alarm received",
    "Type": "Fire Alarm received",
    "Alert_DateTime": "2025-08-16T13:18:43.000Z",
    "Status": "Closed",
    "Premise_ID": "35862",
    "Title_Ar": "تم تنشيط إنذار الحريق",
    "Type_Ar": "تم استلام إنذار الحريق"
  },
  {
    "id": "415109",
    "Account_ID": "32438",
    "User_ID": "mob524085",
    "Mobile": "0505058840",
    "Title": "Fire Alarm received",
    "Type": "Fire Alarm received",
    "Alert_DateTime": "2025-08-16T13:18:38.000Z",
    "Status": "Closed",
    "Premise_ID": "32438",
    "Title_Ar": "تم تنشيط إنذار الحريق",
    "Type_Ar": "تم استلام إنذار الحريق"
  },
  {
    "id": "415108",
    "Account_ID": "32438",
    "User_ID": "mob524085",
    "Mobile": "0505058840",
    "Title": "Fire Alarm received",
    "Type": "Fire Alarm received",
    "Alert_DateTime": "2025-08-16T13:18:29.000Z",
    "Status": "Closed",
    "Premise_ID": "32438",
    "Title_Ar": "تم تنشيط إنذار الحريق",
    "Type_Ar": "تم استلام إنذار الحريق"
  },
  {
    "id": "415107",
    "Account_ID": "18594",
    "User_ID": "mob634029",
    "Mobile": "0503501030",
    "Title": "Fire Alarm received",
    "Type": "Fire Alarm received",
    "Alert_DateTime": "2025-08-16T13:14:05.000Z",
    "Status": "Closed",
    "Premise_ID": "18594",
    "Title_Ar": "تم تنشيط إنذار الحريق",
    "Type_Ar": "تم استلام إنذار الحريق"
  },
  {
    "id": "415106",
    "Account_ID": "18594",
    "User_ID": "mob634029",
    "Mobile": "0503501030",
    "Title": "Fire Alarm received",
    "Type": "Fire Alarm received",
    "Alert_DateTime": "2025-08-16T13:13:58.000Z",
    "Status": "Closed",
    "Premise_ID": "18594",
    "Title_Ar": "تم تنشيط إنذار الحريق",
    "Type_Ar": "تم استلام إنذار الحريق"
  },
  {
    "id": "415105",
    "Account_ID": "18594",
    "User_ID": "mob634029",
    "Mobile": "0503501030",
    "Title": "Fire Alarm received",
    "Type": "Fire Alarm received",
    "Alert_DateTime": "2025-08-16T13:11:08.000Z",
    "Status": "Closed",
    "Premise_ID": "18594",
    "Title_Ar": "تم تنشيط إنذار الحريق",
    "Type_Ar": "تم استلام إنذار الحريق"
  },
  {
    "id": "415104",
    "Account_ID": "32764",
    "User_ID": "mob144159",
    "Mobile": "0504659667",
    "Title": "Fire Alarm received",
    "Type": "Fire Alarm received",
    "Alert_DateTime": "2025-08-16T13:08:24.000Z",
    "Status": "Closed",
    "Premise_ID": "32764",
    "Title_Ar": "تم تنشيط إنذار الحريق",
    "Type_Ar": "تم استلام إنذار الحريق"
  },
  {
    "id": "415103",
    "Account_ID": "32764",
    "User_ID": "mob144159",
    "Mobile": "0504659667",
    "Title": "Fire Alarm received",
    "Type": "Fire Alarm received",
    "Alert_DateTime": "2025-08-16T13:07:38.000Z",
    "Status": "Closed",
    "Premise_ID": "32764",
    "Title_Ar": "تم تنشيط إنذار الحريق",
    "Type_Ar": "تم استلام إنذار الحريق"
  },
  {
    "id": "415102",
    "Account_ID": "56641",
    "User_ID": "mob233497",
    "Mobile": "0555581747",
    "Title": "Fire Alarm received",
    "Type": "Fire Alarm received",
    "Alert_DateTime": "2025-08-16T13:07:03.000Z",
    "Status": "Closed",
    "Premise_ID": "56641",
    "Title_Ar": "تم تنشيط إنذار الحريق",
    "Type_Ar": "تم استلام إنذار الحريق"
  },
  {
    "id": "415101",
    "Account_ID": "32764",
    "User_ID": "mob144159",
    "Mobile": "0504659667",
    "Title": "Fire Alarm received",
    "Type": "Fire Alarm received",
    "Alert_DateTime": "2025-08-16T13:05:39.000Z",
    "Status": "Closed",
    "Premise_ID": "32764",
    "Title_Ar": "تم تنشيط إنذار الحريق",
    "Type_Ar": "تم استلام إنذار الحريق"
  },
  {
    "id": "415100",
    "Account_ID": "30778",
    "User_ID": "mob302785",
    "Mobile": "0555914825",
    "Title": "Fire Alarm received",
    "Type": "Fire Alarm received",
    "Alert_DateTime": "2025-08-16T13:05:20.000Z",
    "Status": "Closed",
    "Premise_ID": "30778",
    "Title_Ar": "تم تنشيط إنذار الحريق",
    "Type_Ar": "تم استلام إنذار الحريق"
  },
  {
    "id": "415099",
    "Account_ID": "30778",
    "User_ID": "mob302785",
    "Mobile": "0555914825",
    "Title": "Fire Alarm received",
    "Type": "Fire Alarm received",
    "Alert_DateTime": "2025-08-16T13:03:48.000Z",
    "Status": "Closed",
    "Premise_ID": "30778",
    "Title_Ar": "تم تنشيط إنذار الحريق",
    "Type_Ar": "تم استلام إنذار الحريق"
  },
  {
    "id": "415098",
    "Account_ID": "56641",
    "User_ID": "mob233497",
    "Mobile": "0555581747",
    "Title": "Fire Alarm received",
    "Type": "Fire Alarm received",
    "Alert_DateTime": "2025-08-16T13:03:34.000Z",
    "Status": "Closed",
    "Premise_ID": "56641",
    "Title_Ar": "تم تنشيط إنذار الحريق",
    "Type_Ar": "تم استلام إنذار الحريق"
  },
  {
    "id": "415097",
    "Account_ID": "18485",
    "User_ID": "mob292317",
    "Mobile": "0506633977",
    "Title": "Fire Alarm received",
    "Type": "Fire Alarm received",
    "Alert_DateTime": "2025-08-16T13:03:03.000Z",
    "Status": "Closed",
    "Premise_ID": "18485",
    "Title_Ar": "تم تنشيط إنذار الحريق",
    "Type_Ar": "تم استلام إنذار الحريق"
  },
  {
    "id": "415096",
    "Account_ID": "30778",
    "User_ID": "mob302785",
    "Mobile": "0555914825",
    "Title": "Fire Alarm received",
    "Type": "Fire Alarm received",
    "Alert_DateTime": "2025-08-16T13:02:23.000Z",
    "Status": "Closed",
    "Premise_ID": "30778",
    "Title_Ar": "تم تنشيط إنذار الحريق",
    "Type_Ar": "تم استلام إنذار الحريق"
  },
  {
    "id": "415095",
    "Account_ID": "18132",
    "User_ID": "mob857917",
    "Mobile": "0566600036",
    "Title": "Fire Alarm received",
    "Type": "Fire Alarm received",
    "Alert_DateTime": "2025-08-16T12:56:08.000Z",
    "Status": "Closed",
    "Premise_ID": "18132",
    "Title_Ar": "تم تنشيط إنذار الحريق",
    "Type_Ar": "تم استلام إنذار الحريق"
  },
  {
    "id": "415094",
    "Account_ID": "35366",
    "User_ID": "mob315373",
    "Mobile": "0508388238",
    "Title": "Fire Alarm received",
    "Type": "Fire Alarm received",
    "Alert_DateTime": "2025-08-16T12:52:18.000Z",
    "Status": "Closed",
    "Premise_ID": "35366",
    "Title_Ar": "تم تنشيط إنذار الحريق",
    "Type_Ar": "تم استلام إنذار الحريق"
  },
  {
    "id": "415093",
    "Account_ID": "35677",
    "User_ID": "mob102085",
    "Mobile": "0504493395",
    "Title": "Fire Alarm received",
    "Type": "Fire Alarm received",
    "Alert_DateTime": "2025-08-16T12:49:11.000Z",
    "Status": "Closed",
    "Premise_ID": "35677",
    "Title_Ar": "تم تنشيط إنذار الحريق",
    "Type_Ar": "تم استلام إنذار الحريق"
  },
  {
    "id": "415092",
    "Account_ID": "64750",
    "User_ID": "mob909039",
    "Mobile": "0504439429",
    "Title": "Fire Alarm received",
    "Type": "Fire Alarm received",
    "Alert_DateTime": "2025-08-16T12:41:19.000Z",
    "Status": "Closed",
    "Premise_ID": "64750",
    "Title_Ar": "تم تنشيط إنذار الحريق",
    "Type_Ar": "تم استلام إنذار الحريق"
  },
  {
    "id": "415091",
    "Account_ID": "801473",
    "User_ID": "mob935197",
    "Mobile": "0508638787",
    "Title": "Fire Alarm received",
    "Type": "Fire Alarm received",
    "Alert_DateTime": "2025-08-16T12:38:52.000Z",
    "Status": "Closed",
    "Premise_ID": "801473",
    "Title_Ar": "تم تنشيط إنذار الحريق",
    "Type_Ar": "تم استلام إنذار الحريق"
  },
  {
    "id": "415090",
    "Account_ID": "42293",
    "User_ID": "mob480344",
    "Mobile": "0501177779",
    "Title": "Fire Alarm received",
    "Type": "Fire Alarm received",
    "Alert_DateTime": "2025-08-16T12:38:36.000Z",
    "Status": "Closed",
    "Premise_ID": "42293",
    "Title_Ar": "تم تنشيط إنذار الحريق",
    "Type_Ar": "تم استلام إنذار الحريق"
  },
  {
    "id": "415089",
    "Account_ID": "30928",
    "User_ID": "mob588503",
    "Mobile": "0505966619",
    "Title": "Fire Alarm received",
    "Type": "Fire Alarm received",
    "Alert_DateTime": "2025-08-16T12:33:11.000Z",
    "Status": "Closed",
    "Premise_ID": "30928",
    "Title_Ar": "تم تنشيط إنذار الحريق",
    "Type_Ar": "تم استلام إنذار الحريق"
  },
  {
    "id": "415088",
    "Account_ID": "30928",
    "User_ID": "mob588503",
    "Mobile": "0505966619",
    "Title": "Fire Alarm received",
    "Type": "Fire Alarm received",
    "Alert_DateTime": "2025-08-16T12:30:59.000Z",
    "Status": "Closed",
    "Premise_ID": "30928",
    "Title_Ar": "تم تنشيط إنذار الحريق",
    "Type_Ar": "تم استلام إنذار الحريق"
  },
  {
    "id": "415087",
    "Account_ID": "18132",
    "User_ID": "mob857917",
    "Mobile": "0566600036",
    "Title": "Fire Alarm received",
    "Type": "Fire Alarm received",
    "Alert_DateTime": "2025-08-16T12:30:27.000Z",
    "Status": "Closed",
    "Premise_ID": "18132",
    "Title_Ar": "تم تنشيط إنذار الحريق",
    "Type_Ar": "تم استلام إنذار الحريق"
  },
  {
    "id": "415086",
    "Account_ID": "30928",
    "User_ID": "mob588503",
    "Mobile": "0505966619",
    "Title": "Fire Alarm received",
    "Type": "Fire Alarm received",
    "Alert_DateTime": "2025-08-16T12:29:57.000Z",
    "Status": "Closed",
    "Premise_ID": "30928",
    "Title_Ar": "تم تنشيط إنذار الحريق",
    "Type_Ar": "تم استلام إنذار الحريق"
  },
  {
    "id": "415085",
    "Account_ID": "30928",
    "User_ID": "mob588503",
    "Mobile": "0505966619",
    "Title": "Fire Alarm received",
    "Type": "Fire Alarm received",
    "Alert_DateTime": "2025-08-16T12:27:34.000Z",
    "Status": "Closed",
    "Premise_ID": "30928",
    "Title_Ar": "تم تنشيط إنذار الحريق",
    "Type_Ar": "تم استلام إنذار الحريق"
  },
  {
    "id": "415084",
    "Account_ID": "45498",
    "User_ID": "mob193897",
    "Mobile": "0505126266",
    "Title": "Fire Alarm received",
    "Type": "Fire Alarm received",
    "Alert_DateTime": "2025-08-16T12:07:06.000Z",
    "Status": "Closed",
    "Premise_ID": "45498",
    "Title_Ar": "تم تنشيط إنذار الحريق",
    "Type_Ar": "تم استلام إنذار الحريق"
  },
  {
    "id": "415083",
    "Account_ID": "36190",
    "User_ID": "mob149014",
    "Mobile": "0529781334",
    "Title": "Fire Alarm received",
    "Type": "Fire Alarm received",
    "Alert_DateTime": "2025-08-16T12:06:18.000Z",
    "Status": "Closed",
    "Premise_ID": "36190",
    "Title_Ar": "تم تنشيط إنذار الحريق",
    "Type_Ar": "تم استلام إنذار الحريق"
  },
  {
    "id": "415082",
    "Account_ID": "36190",
    "User_ID": "mob149014",
    "Mobile": "0529781334",
    "Title": "Fire Alarm received",
    "Type": "Fire Alarm received",
    "Alert_DateTime": "2025-08-16T12:06:04.000Z",
    "Status": "Closed",
    "Premise_ID": "36190",
    "Title_Ar": "تم تنشيط إنذار الحريق",
    "Type_Ar": "تم استلام إنذار الحريق"
  },
  {
    "id": "415081",
    "Account_ID": "5305",
    "User_ID": "mob776555",
    "Mobile": "0503000893",
    "Title": "Fire Alarm received",
    "Type": "Fire Alarm received",
    "Alert_DateTime": "2025-08-16T12:03:49.000Z",
    "Status": "Closed",
    "Premise_ID": "5305",
    "Title_Ar": "تم تنشيط إنذار الحريق",
    "Type_Ar": "تم استلام إنذار الحريق"
  },
  {
    "id": "415080",
    "Account_ID": "32161",
    "User_ID": "mob368060",
    "Mobile": "0504848689",
    "Title": "Fire Alarm received",
    "Type": "Fire Alarm received",
    "Alert_DateTime": "2025-08-16T12:02:20.000Z",
    "Status": "Closed",
    "Premise_ID": "32161",
    "Title_Ar": "تم تنشيط إنذار الحريق",
    "Type_Ar": "تم استلام إنذار الحريق"
  },
  {
    "id": "415079",
    "Account_ID": "5305",
    "User_ID": "mob776555",
    "Mobile": "0503000893",
    "Title": "Fire Alarm received",
    "Type": "Fire Alarm received",
    "Alert_DateTime": "2025-08-16T12:02:12.000Z",
    "Status": "Closed",
    "Premise_ID": "5305",
    "Title_Ar": "تم تنشيط إنذار الحريق",
    "Type_Ar": "تم استلام إنذار الحريق"
  },
  {
    "id": "415078",
    "Account_ID": "32161",
    "User_ID": "mob368060",
    "Mobile": "0504848689",
    "Title": "Fire Alarm received",
    "Type": "Fire Alarm received",
    "Alert_DateTime": "2025-08-16T12:00:34.000Z",
    "Status": "Closed",
    "Premise_ID": "32161",
    "Title_Ar": "تم تنشيط إنذار الحريق",
    "Type_Ar": "تم استلام إنذار الحريق"
  },
  {
    "id": "415077",
    "Account_ID": "43519",
    "User_ID": "mob246592",
    "Mobile": "0566155144",
    "Title": "Fire Alarm received",
    "Type": "Fire Alarm received",
    "Alert_DateTime": "2025-08-16T11:59:37.000Z",
    "Status": "Closed",
    "Premise_ID": "43519",
    "Title_Ar": "تم تنشيط إنذار الحريق",
    "Type_Ar": "تم استلام إنذار الحريق"
  },
  {
    "id": "415076",
    "Account_ID": "55607",
    "User_ID": "mob463267",
    "Mobile": "0504823322",
    "Title": "Fire Alarm received",
    "Type": "Fire Alarm received",
    "Alert_DateTime": "2025-08-16T11:56:52.000Z",
    "Status": "Closed",
    "Premise_ID": "55607",
    "Title_Ar": "تم تنشيط إنذار الحريق",
    "Type_Ar": "تم استلام إنذار الحريق"
  },
  {
    "id": "415075",
    "Account_ID": "58547",
    "User_ID": "mob814816",
    "Mobile": "0506411954",
    "Title": "Fire Alarm received",
    "Type": "Fire Alarm received",
    "Alert_DateTime": "2025-08-16T11:53:18.000Z",
    "Status": "Closed",
    "Premise_ID": "58547",
    "Title_Ar": "تم تنشيط إنذار الحريق",
    "Type_Ar": "تم استلام إنذار الحريق"
  },
  {
    "id": "415074",
    "Account_ID": "73000",
    "User_ID": "mob261975",
    "Mobile": "0503223633",
    "Title": "Fire Alarm received",
    "Type": "Fire Alarm received",
    "Alert_DateTime": "2025-08-16T11:46:33.000Z",
    "Status": "Closed",
    "Premise_ID": "73000",
    "Title_Ar": "تم تنشيط إنذار الحريق",
    "Type_Ar": "تم استلام إنذار الحريق"
  },
  {
    "id": "415073",
    "Account_ID": "38171",
    "User_ID": "mob138862",
    "Mobile": "0506457634",
    "Title": "Fire Alarm received",
    "Type": "Fire Alarm received",
    "Alert_DateTime": "2025-08-16T11:32:11.000Z",
    "Status": "Closed",
    "Premise_ID": "38171",
    "Title_Ar": "تم تنشيط إنذار الحريق",
    "Type_Ar": "تم استلام إنذار الحريق"
  },
  {
    "id": "415072",
    "Account_ID": "44200",
    "User_ID": "mob707943",
    "Mobile": "0507724660",
    "Title": "Fire Alarm received",
    "Type": "Fire Alarm received",
    "Alert_DateTime": "2025-08-16T11:29:57.000Z",
    "Status": "Closed",
    "Premise_ID": "44200",
    "Title_Ar": "تم تنشيط إنذار الحريق",
    "Type_Ar": "تم استلام إنذار الحريق"
  },
  {
    "id": "415071",
    "Account_ID": "44200",
    "User_ID": "mob707943",
    "Mobile": "0507724660",
    "Title": "Fire Alarm received",
    "Type": "Fire Alarm received",
    "Alert_DateTime": "2025-08-16T11:29:39.000Z",
    "Status": "Closed",
    "Premise_ID": "44200",
    "Title_Ar": "تم تنشيط إنذار الحريق",
    "Type_Ar": "تم استلام إنذار الحريق"
  },
  {
    "id": "415070",
    "Account_ID": "18132",
    "User_ID": "mob857917",
    "Mobile": "0566600036",
    "Title": "Fire Alarm received",
    "Type": "Fire Alarm received",
    "Alert_DateTime": "2025-08-16T11:28:50.000Z",
    "Status": "Closed",
    "Premise_ID": "18132",
    "Title_Ar": "تم تنشيط إنذار الحريق",
    "Type_Ar": "تم استلام إنذار الحريق"
  },
  {
    "id": "415069",
    "Account_ID": "44200",
    "User_ID": "mob707943",
    "Mobile": "0507724660",
    "Title": "Fire Alarm received",
    "Type": "Fire Alarm received",
    "Alert_DateTime": "2025-08-16T11:28:34.000Z",
    "Status": "Closed",
    "Premise_ID": "44200",
    "Title_Ar": "تم تنشيط إنذار الحريق",
    "Type_Ar": "تم استلام إنذار الحريق"
  },
  {
    "id": "415068",
    "Account_ID": "43184",
    "User_ID": "mob804024",
    "Mobile": "0506088088",
    "Title": "Fire Alarm received",
    "Type": "Fire Alarm received",
    "Alert_DateTime": "2025-08-16T11:12:36.000Z",
    "Status": "Closed",
    "Premise_ID": "43184",
    "Title_Ar": "تم تنشيط إنذار الحريق",
    "Type_Ar": "تم استلام إنذار الحريق"
  },
  {
    "id": "415067",
    "Account_ID": "40168",
    "User_ID": "mob547686",
    "Mobile": "0508413846",
    "Title": "Fire Alarm received",
    "Type": "Fire Alarm received",
    "Alert_DateTime": "2025-08-16T11:06:45.000Z",
    "Status": "Closed",
    "Premise_ID": "40168",
    "Title_Ar": "تم تنشيط إنذار الحريق",
    "Type_Ar": "تم استلام إنذار الحريق"
  },
  {
    "id": "415066",
    "Account_ID": "46830",
    "User_ID": "mob770720",
    "Mobile": "0509623785",
    "Title": "Fire Alarm received",
    "Type": "Fire Alarm received",
    "Alert_DateTime": "2025-08-16T11:05:41.000Z",
    "Status": "Closed",
    "Premise_ID": "46830",
    "Title_Ar": "تم تنشيط إنذار الحريق",
    "Type_Ar": "تم استلام إنذار الحريق"
  },
  {
    "id": "415065",
    "Account_ID": "73912",
    "User_ID": "mob399182",
    "Mobile": "0508757034",
    "Title": "Fire Alarm received",
    "Type": "Fire Alarm received",
    "Alert_DateTime": "2025-08-16T11:03:14.000Z",
    "Status": "Closed",
    "Premise_ID": "73912",
    "Title_Ar": "تم تنشيط إنذار الحريق",
    "Type_Ar": "تم استلام إنذار الحريق"
  },
  {
    "id": "415064",
    "Account_ID": "10036",
    "User_ID": "mob458956",
    "Mobile": "0507222564",
    "Title": "Fire Alarm received",
    "Type": "Fire Alarm received",
    "Alert_DateTime": "2025-08-16T10:51:15.000Z",
    "Status": "Closed",
    "Premise_ID": "10036",
    "Title_Ar": "تم تنشيط إنذار الحريق",
    "Type_Ar": "تم استلام إنذار الحريق"
  },
  {
    "id": "415063",
    "Account_ID": "38071",
    "User_ID": "mob746674",
    "Mobile": "0504686820",
    "Title": "Fire Alarm received",
    "Type": "Fire Alarm received",
    "Alert_DateTime": "2025-08-16T10:44:16.000Z",
    "Status": "Closed",
    "Premise_ID": "38071",
    "Title_Ar": "تم تنشيط إنذار الحريق",
    "Type_Ar": "تم استلام إنذار الحريق"
  },
  {
    "id": "415062",
    "Account_ID": "28703",
    "User_ID": "mob557320",
    "Mobile": "0507711331",
    "Title": "Fire Alarm received",
    "Type": "Fire Alarm received",
    "Alert_DateTime": "2025-08-16T10:44:15.000Z",
    "Status": "Closed",
    "Premise_ID": "28703",
    "Title_Ar": "تم تنشيط إنذار الحريق",
    "Type_Ar": "تم استلام إنذار الحريق"
  },
  {
    "id": "415061",
    "Account_ID": "28703",
    "User_ID": "mob557320",
    "Mobile": "0507711331",
    "Title": "Fire Alarm received",
    "Type": "Fire Alarm received",
    "Alert_DateTime": "2025-08-16T10:43:27.000Z",
    "Status": "Closed",
    "Premise_ID": "28703",
    "Title_Ar": "تم تنشيط إنذار الحريق",
    "Type_Ar": "تم استلام إنذار الحريق"
  },
  {
    "id": "415060",
    "Account_ID": "28703",
    "User_ID": "mob557320",
    "Mobile": "0507711331",
    "Title": "Fire Alarm received",
    "Type": "Fire Alarm received",
    "Alert_DateTime": "2025-08-16T10:42:07.000Z",
    "Status": "Closed",
    "Premise_ID": "28703",
    "Title_Ar": "تم تنشيط إنذار الحريق",
    "Type_Ar": "تم استلام إنذار الحريق"
  },
  {
    "id": "415059",
    "Account_ID": "2065",
    "User_ID": "mob274762",
    "Mobile": "0504599994",
    "Title": "Fire Alarm received",
    "Type": "Fire Alarm received",
    "Alert_DateTime": "2025-08-16T10:41:42.000Z",
    "Status": "Closed",
    "Premise_ID": "2065",
    "Title_Ar": "تم تنشيط إنذار الحريق",
    "Type_Ar": "تم استلام إنذار الحريق"
  },
  {
    "id": "415058",
    "Account_ID": "46830",
    "User_ID": "mob770720",
    "Mobile": "0509623785",
    "Title": "Fire Alarm received",
    "Type": "Fire Alarm received",
    "Alert_DateTime": "2025-08-16T10:40:41.000Z",
    "Status": "Closed",
    "Premise_ID": "46830",
    "Title_Ar": "تم تنشيط إنذار الحريق",
    "Type_Ar": "تم استلام إنذار الحريق"
  },
  {
    "id": "415057",
    "Account_ID": "64050",
    "User_ID": "mob236565",
    "Mobile": "0507978786",
    "Title": "Fire Alarm received",
    "Type": "Fire Alarm received",
    "Alert_DateTime": "2025-08-16T10:39:47.000Z",
    "Status": "Closed",
    "Premise_ID": "64050",
    "Title_Ar": "تم تنشيط إنذار الحريق",
    "Type_Ar": "تم استلام إنذار الحريق"
  },
  {
    "id": "415056",
    "Account_ID": "26925",
    "User_ID": "mob628931",
    "Mobile": "0505406275",
    "Title": "Fire Alarm received",
    "Type": "Fire Alarm received",
    "Alert_DateTime": "2025-08-16T10:34:38.000Z",
    "Status": "Closed",
    "Premise_ID": "26925",
    "Title_Ar": "تم تنشيط إنذار الحريق",
    "Type_Ar": "تم استلام إنذار الحريق"
  },
  {
    "id": "415055",
    "Account_ID": "63346",
    "User_ID": "mob841474",
    "Mobile": "0508557555",
    "Title": "Fire Alarm received",
    "Type": "Fire Alarm received",
    "Alert_DateTime": "2025-08-16T10:09:02.000Z",
    "Status": "Closed",
    "Premise_ID": "63346",
    "Title_Ar": "تم تنشيط إنذار الحريق",
    "Type_Ar": "تم استلام إنذار الحريق"
  },
  {
    "id": "415054",
    "Account_ID": "16712",
    "User_ID": "mob821571",
    "Mobile": "0501214885",
    "Title": "Fire Alarm received",
    "Type": "Fire Alarm received",
    "Alert_DateTime": "2025-08-16T09:41:34.000Z",
    "Status": "Closed",
    "Premise_ID": "16712",
    "Title_Ar": "تم تنشيط إنذار الحريق",
    "Type_Ar": "تم استلام إنذار الحريق"
  },
  {
    "id": "415053",
    "Account_ID": "16712",
    "User_ID": "mob821571",
    "Mobile": "0501214885",
    "Title": "Fire Alarm received",
    "Type": "Fire Alarm received",
    "Alert_DateTime": "2025-08-16T09:37:58.000Z",
    "Status": "Closed",
    "Premise_ID": "16712",
    "Title_Ar": "تم تنشيط إنذار الحريق",
    "Type_Ar": "تم استلام إنذار الحريق"
  },
  {
    "id": "415052",
    "Account_ID": "44050",
    "User_ID": "mob417487",
    "Mobile": "0507615005",
    "Title": "Fire Alarm received",
    "Type": "Fire Alarm received",
    "Alert_DateTime": "2025-08-16T09:34:54.000Z",
    "Status": "Closed",
    "Premise_ID": "44050",
    "Title_Ar": "تم تنشيط إنذار الحريق",
    "Type_Ar": "تم استلام إنذار الحريق"
  },
  {
    "id": "415051",
    "Account_ID": "15047",
    "User_ID": "mob344438",
    "Mobile": "0505469900",
    "Title": "Fire Alarm received",
    "Type": "Fire Alarm received",
    "Alert_DateTime": "2025-08-16T09:21:43.000Z",
    "Status": "Closed",
    "Premise_ID": "15047",
    "Title_Ar": "تم تنشيط إنذار الحريق",
    "Type_Ar": "تم استلام إنذار الحريق"
  },
  {
    "id": "415050",
    "Account_ID": "9106",
    "User_ID": "mob135397",
    "Mobile": "0501266620",
    "Title": "Fire Alarm received",
    "Type": "Fire Alarm received",
    "Alert_DateTime": "2025-08-16T09:20:28.000Z",
    "Status": "Closed",
    "Premise_ID": "9106",
    "Title_Ar": "تم تنشيط إنذار الحريق",
    "Type_Ar": "تم استلام إنذار الحريق"
  },
  {
    "id": "415049",
    "Account_ID": "42461",
    "User_ID": "mob760162",
    "Mobile": "0561740020",
    "Title": "Fire Alarm received",
    "Type": "Fire Alarm received",
    "Alert_DateTime": "2025-08-16T09:16:31.000Z",
    "Status": "Closed",
    "Premise_ID": "42461",
    "Title_Ar": "تم تنشيط إنذار الحريق",
    "Type_Ar": "تم استلام إنذار الحريق"
  },
  {
    "id": "415048",
    "Account_ID": "45635",
    "User_ID": "mob374757",
    "Mobile": "0502282229",
    "Title": "Fire Alarm received",
    "Type": "Fire Alarm received",
    "Alert_DateTime": "2025-08-16T09:13:58.000Z",
    "Status": "Closed",
    "Premise_ID": "45635",
    "Title_Ar": "تم تنشيط إنذار الحريق",
    "Type_Ar": "تم استلام إنذار الحريق"
  },
  {
    "id": "415047",
    "Account_ID": "74902",
    "User_ID": "mob769266",
    "Mobile": "0503240040",
    "Title": "Fire Alarm received",
    "Type": "Fire Alarm received",
    "Alert_DateTime": "2025-08-16T09:05:28.000Z",
    "Status": "Closed",
    "Premise_ID": "74902",
    "Title_Ar": "تم تنشيط إنذار الحريق",
    "Type_Ar": "تم استلام إنذار الحريق"
  },
  {
    "id": "415046",
    "Account_ID": "74902",
    "User_ID": "mob769266",
    "Mobile": "0503240040",
    "Title": "Fire Alarm received",
    "Type": "Fire Alarm received",
    "Alert_DateTime": "2025-08-16T09:05:06.000Z",
    "Status": "Closed",
    "Premise_ID": "74902",
    "Title_Ar": "تم تنشيط إنذار الحريق",
    "Type_Ar": "تم استلام إنذار الحريق"
  },
  {
    "id": "415045",
    "Account_ID": "21555",
    "User_ID": "mob557995",
    "Mobile": "0506597777",
    "Title": "Fire Alarm received",
    "Type": "Fire Alarm received",
    "Alert_DateTime": "2025-08-16T08:56:26.000Z",
    "Status": "Closed",
    "Premise_ID": "21555",
    "Title_Ar": "تم تنشيط إنذار الحريق",
    "Type_Ar": "تم استلام إنذار الحريق"
  },
  {
    "id": "415044",
    "Account_ID": "55613",
    "User_ID": "mob933541",
    "Mobile": "0556699143",
    "Title": "Fire Alarm received",
    "Type": "Fire Alarm received",
    "Alert_DateTime": "2025-08-16T08:49:31.000Z",
    "Status": "Closed",
    "Premise_ID": "55613",
    "Title_Ar": "تم تنشيط إنذار الحريق",
    "Type_Ar": "تم استلام إنذار الحريق"
  },
  {
    "id": "415043",
    "Account_ID": "68115",
    "User_ID": "mob744569",
    "Mobile": "0589154064",
    "Title": "Fire Alarm received",
    "Type": "Fire Alarm received",
    "Alert_DateTime": "2025-08-16T08:33:35.000Z",
    "Status": "Closed",
    "Premise_ID": "68115",
    "Title_Ar": "تم تنشيط إنذار الحريق",
    "Type_Ar": "تم استلام إنذار الحريق"
  },
  {
    "id": "415042",
    "Account_ID": "8251",
    "User_ID": "mob502126",
    "Mobile": "0506789432",
    "Title": "Fire Alarm received",
    "Type": "Fire Alarm received",
    "Alert_DateTime": "2025-08-16T08:26:11.000Z",
    "Status": "Closed",
    "Premise_ID": "8251",
    "Title_Ar": "تم تنشيط إنذار الحريق",
    "Type_Ar": "تم استلام إنذار الحريق"
  },
  {
    "id": "415041",
    "Account_ID": "8251",
    "User_ID": "mob502126",
    "Mobile": "0506789432",
    "Title": "Fire Alarm received",
    "Type": "Fire Alarm received",
    "Alert_DateTime": "2025-08-16T08:25:14.000Z",
    "Status": "Closed",
    "Premise_ID": "8251",
    "Title_Ar": "تم تنشيط إنذار الحريق",
    "Type_Ar": "تم استلام إنذار الحريق"
  },
  {
    "id": "415040",
    "Account_ID": "20125",
    "User_ID": "mob725937",
    "Mobile": "0506776200",
    "Title": "Fire Alarm received",
    "Type": "Fire Alarm received",
    "Alert_DateTime": "2025-08-16T08:20:58.000Z",
    "Status": "Closed",
    "Premise_ID": "20125",
    "Title_Ar": "تم تنشيط إنذار الحريق",
    "Type_Ar": "تم استلام إنذار الحريق"
  },
  {
    "id": "415039",
    "Account_ID": "48012",
    "User_ID": "mob626905",
    "Mobile": "0552753530",
    "Title": "Fire Alarm received",
    "Type": "Fire Alarm received",
    "Alert_DateTime": "2025-08-16T08:16:09.000Z",
    "Status": "Closed",
    "Premise_ID": "48012",
    "Title_Ar": "تم تنشيط إنذار الحريق",
    "Type_Ar": "تم استلام إنذار الحريق"
  },
  {
    "id": "415038",
    "Account_ID": "6012",
    "User_ID": "mob689177",
    "Mobile": "0504124026",
    "Title": "Fire Alarm received",
    "Type": "Fire Alarm received",
    "Alert_DateTime": "2025-08-16T07:56:09.000Z",
    "Status": "Closed",
    "Premise_ID": "6012",
    "Title_Ar": "تم تنشيط إنذار الحريق",
    "Type_Ar": "تم استلام إنذار الحريق"
  },
  {
    "id": "415037",
    "Account_ID": "6012",
    "User_ID": "mob689177",
    "Mobile": "0504124026",
    "Title": "Fire Alarm received",
    "Type": "Fire Alarm received",
    "Alert_DateTime": "2025-08-16T07:53:53.000Z",
    "Status": "Closed",
    "Premise_ID": "6012",
    "Title_Ar": "تم تنشيط إنذار الحريق",
    "Type_Ar": "تم استلام إنذار الحريق"
  },
  {
    "id": "415036",
    "Account_ID": "49220",
    "User_ID": "mob105640",
    "Mobile": "0502235222",
    "Title": "Fire Alarm received",
    "Type": "Fire Alarm received",
    "Alert_DateTime": "2025-08-16T07:27:13.000Z",
    "Status": "Closed",
    "Premise_ID": "49220",
    "Title_Ar": "تم تنشيط إنذار الحريق",
    "Type_Ar": "تم استلام إنذار الحريق"
  },
  {
    "id": "415035",
    "Account_ID": "18132",
    "User_ID": "mob857917",
    "Mobile": "0566600036",
    "Title": "Fire Alarm received",
    "Type": "Fire Alarm received",
    "Alert_DateTime": "2025-08-16T07:16:09.000Z",
    "Status": "Closed",
    "Premise_ID": "18132",
    "Title_Ar": "تم تنشيط إنذار الحريق",
    "Type_Ar": "تم استلام إنذار الحريق"
  },
  {
    "id": "415034",
    "Account_ID": "54414",
    "User_ID": "mob603726",
    "Mobile": "0502894333",
    "Title": "Fire Alarm received",
    "Type": "Fire Alarm received",
    "Alert_DateTime": "2025-08-16T06:59:16.000Z",
    "Status": "Closed",
    "Premise_ID": "54414",
    "Title_Ar": "تم تنشيط إنذار الحريق",
    "Type_Ar": "تم استلام إنذار الحريق"
  },
  {
    "id": "415033",
    "Account_ID": "46880",
    "User_ID": "mob329503",
    "Mobile": "0553109192",
    "Title": "Fire Alarm received",
    "Type": "Fire Alarm received",
    "Alert_DateTime": "2025-08-16T06:39:45.000Z",
    "Status": "Closed",
    "Premise_ID": "46880",
    "Title_Ar": "تم تنشيط إنذار الحريق",
    "Type_Ar": "تم استلام إنذار الحريق"
  },
  {
    "id": "415033",
    "Account_ID": "46880",
    "User_ID": "mob329503",
    "Mobile": "0553109192",
    "Title": "Fire Alarm received",
    "Type": "Fire Alarm received",
    "Alert_DateTime": "2025-08-16T06:39:45.000Z",
    "Status": "Closed",
    "Premise_ID": "46880",
    "Title_Ar": "تم تنشيط إنذار الحريق",
    "Type_Ar": "تم استلام إنذار الحريق"
  },
  {
    "id": "415032",
    "Account_ID": "16700",
    "User_ID": "mob101292",
    "Mobile": "0558986606",
    "Title": "Fire Alarm received",
    "Type": "Fire Alarm received",
    "Alert_DateTime": "2025-08-16T06:22:08.000Z",
    "Status": "Open",
    "Premise_ID": "16700",
    "Title_Ar": "تم تنشيط إنذار الحريق",
    "Type_Ar": "تم استلام إنذار الحريق"
  },
  {
    "id": "415031",
    "Account_ID": "58969",
    "User_ID": "mob459569",
    "Mobile": "0506550726",
    "Title": "Fire Alarm received",
    "Type": "Fire Alarm received",
    "Alert_DateTime": "2025-08-16T05:34:31.000Z",
    "Status": "Closed",
    "Premise_ID": "58969",
    "Title_Ar": "تم تنشيط إنذار الحريق",
    "Type_Ar": "تم استلام إنذار الحريق"
  },
  {
    "id": "415030",
    "Account_ID": "42030",
    "User_ID": "mob337972",
    "Mobile": "0505488828",
    "Title": "Fire Alarm received",
    "Type": "Fire Alarm received",
    "Alert_DateTime": "2025-08-16T05:26:03.000Z",
    "Status": "Closed",
    "Premise_ID": "42030",
    "Title_Ar": "تم تنشيط إنذار الحريق",
    "Type_Ar": "تم استلام إنذار الحريق"
  },
  {
    "id": "415029",
    "Account_ID": "44149",
    "User_ID": "mob639120",
    "Mobile": "0504438771",
    "Title": "Fire Alarm received",
    "Type": "Fire Alarm received",
    "Alert_DateTime": "2025-08-16T05:13:34.000Z",
    "Status": "Closed",
    "Premise_ID": "44149",
    "Title_Ar": "تم تنشيط إنذار الحريق",
    "Type_Ar": "تم استلام إنذار الحريق"
  },
  {
    "id": "415028",
    "Account_ID": "56470",
    "User_ID": "mob369950",
    "Mobile": "0504633731",
    "Title": "Fire Alarm received",
    "Type": "Fire Alarm received",
    "Alert_DateTime": "2025-08-16T04:14:44.000Z",
    "Status": "Closed",
    "Premise_ID": "56470",
    "Title_Ar": "تم تنشيط إنذار الحريق",
    "Type_Ar": "تم استلام إنذار الحريق"
  },
  {
    "id": "415027",
    "Account_ID": "49749",
    "User_ID": "mob771613",
    "Mobile": "0551650829",
    "Title": "Fire Alarm received",
    "Type": "Fire Alarm received",
    "Alert_DateTime": "2025-08-16T02:16:17.000Z",
    "Status": "Open",
    "Premise_ID": "49749",
    "Title_Ar": "تم تنشيط إنذار الحريق",
    "Type_Ar": "تم استلام إنذار الحريق"
  },
  {
    "id": "415026",
    "Account_ID": "44782",
    "User_ID": "mob948685",
    "Mobile": "0508806886",
    "Title": "Fire Alarm received",
    "Type": "Fire Alarm received",
    "Alert_DateTime": "2025-08-16T01:25:12.000Z",
    "Status": "Closed",
    "Premise_ID": "44782",
    "Title_Ar": "تم تنشيط إنذار الحريق",
    "Type_Ar": "تم استلام إنذار الحريق"
  },
  {
    "id": "415025",
    "Account_ID": "40343",
    "User_ID": "mob361214",
    "Mobile": "0507712990",
    "Title": "Fire Alarm received",
    "Type": "Fire Alarm received",
    "Alert_DateTime": "2025-08-16T00:47:54.000Z",
    "Status": "Closed",
    "Premise_ID": "40343",
    "Title_Ar": "تم تنشيط إنذار الحريق",
    "Type_Ar": "تم استلام إنذار الحريق"
  },
  {
    "id": "415024",
    "Account_ID": "43761",
    "User_ID": "mob396973",
    "Mobile": "0551255029",
    "Title": "Fire Alarm received",
    "Type": "Fire Alarm received",
    "Alert_DateTime": "2025-08-16T00:35:24.000Z",
    "Status": "Closed",
    "Premise_ID": "43761",
    "Title_Ar": "تم تنشيط إنذار الحريق",
    "Type_Ar": "تم استلام إنذار الحريق"
  },
  {
    "id": "415023",
    "Account_ID": "45691",
    "User_ID": "mob578256",
    "Mobile": "0506413279",
    "Title": "Fire Alarm received",
    "Type": "Fire Alarm received",
    "Alert_DateTime": "2025-08-16T00:34:02.000Z",
    "Status": "Closed",
    "Premise_ID": "45691",
    "Title_Ar": "تم تنشيط إنذار الحريق",
    "Type_Ar": "تم استلام إنذار الحريق"
  }
]