{
  "colors": {
    "primary": "#1E1E1E",
    "secondary": "#2E2E2E",
    "accent": "#00FFC2",
    "alert": "#FF6B35",
    "alertBackground": "#FFE5E0",
    "maintenance": "#FFD93D",
    "textPrimary": "#FFFFFF",
    "textSecondary": "#CFCFCF",
    "background": "#121212",
    "mapOverlay": "rgba(0, 0, 0, 0.5)"
  },
  "typography": {
    "fontFamily": "Inter, sans-serif",
    "fontSizes": {
      "xs": "12px",
      "sm": "14px",
      "md": "16px",
      "lg": "18px",
      "xl": "24px",
      "xxl": "32px"
    },
    "fontWeights": {
      "regular": 400,
      "medium": 500,
      "bold": 700
    }
  },
  "spacing": {
    "xs": "4px",
    "sm": "8px",
    "md": "16px",
    "lg": "24px",
    "xl": "32px"
  },
  "borderRadius": {
    "sm": "4px",
    "md": "8px",
    "lg": "12px",
    "xl": "16px",
    "circle": "50%"
  },
  "shadows": {
    "card": "0 4px 12px rgba(0, 0, 0, 0.2)",
    "tooltip": "0 2px 6px rgba(0, 0, 0, 0.3)"
  },
  "icons": {
    "fire": "🔥",
    "maintenance": "👷",
    "villa": "🏠",
    "alert": "⚠️",
    "search": "🔍",
    "home": "🏡",
    "globe": "🌐",
    "help": "❓",
    "phone": "📞"
  },
  "buttons": {
    "primary": {
      "background": "#00FFC2",
      "color": "#1E1E1E",
      "borderRadius": "8px",
      "padding": "8px 16px"
    },
    "secondary": {
      "background": "#2E2E2E",
      "color": "#CFCFCF",
      "borderRadius": "8px",
      "padding": "8px 16px"
    },
    "alert": {
      "background": "#FF6B35",
      "color": "#FFFFFF",
      "borderRadius": "8px",
      "padding": "8px 16px"
    }
  },
  "cards": {
    "default": {
      "background": "#2E2E2E",
      "color": "#FFFFFF",
      "borderRadius": "12px",
      "padding": "16px",
      "shadow": "0 4px 12px rgba(0, 0, 0, 0.2)"
    },
    "alert": {
      "background": "#FFE5E0",
      "color": "#FF6B35",
      "borderRadius": "12px",
      "padding": "16px",
      "shadow": "0 4px 12px rgba(0, 0, 0, 0.2)"
    },
    "maintenance": {
      "background": "#FFF4CC",
      "color": "#FFD93D",
      "borderRadius": "12px",
      "padding": "16px",
      "shadow": "0 4px 12px rgba(0, 0, 0, 0.2)"
    }
  },
  "inputs": {
    "default": {
      "background": "#1E1E1E",
      "color": "#FFFFFF",
      "borderRadius": "8px",
      "padding": "8px 12px",
      "border": "1px solid #2E2E2E"
    },
    "focus": {
      "border": "1px solid #00FFC2"
    }
  },
  "map": {
    "overlayColor": "rgba(0, 0, 0, 0.4)",
    "villaIcon": "🏠",
    "alertIcon": "🔥",
    "safeIcon": "🛡️",
    "zoomControl": true,
    "fullscreenControl": true
  }
}
